email;username
bonnie.beahan@hotmail.com;PeskyStoryboard97
armstrong.greg@koepp.com;SteepScrap7
zmonahan@yahoo.com;ImprobableVariation39
xcrist@gmail.com;GrossOther62
oma.hessel@gmail.com;RuddyKick51
sam90@king.net;WatchfulGem14
greenfelder.amelie@jast.com;ProfitableGoose9
kchristiansen@becker.net;LamePlanula60
delmer.torphy@yahoo.com;HandsomeCrook67
botsford.judson@spinka.com;JointSource29
ila.langosh@marks.com;RemorsefulPatentee19
maudie16@rodriguez.biz;PunctualLiquor52
ebert.ettie@gmail.com;TriangularOmelet31
jeffry29@jast.org;MixedRambler84
kuhlman.cassandre@mosciski.com;MeanClapboard87
danielle72@boehm.com;QuarterlyDisease35
rath.naomie@gmail.com;MagnificentRefuse92
mireya.parker@ebert.net;FaintCot6
xgleichner@kris.com;DirectPropaganda80
quigley.dana@oconnell.org;ImpureHalf63
hansen.ricky@gmail.com;Well-LitBehavior14
victoria.wolff@cummerata.net;FluidYolk15
cecelia.willms@gmail.com;UnselfishCricketer3
destiney41@gmail.com;GentleBanker48
bdubuque@hotmail.com;BossyBoysenberry37
champlin.brenden@price.com;StarkDune1
kacie08@feil.net;SnarlingFestival56
tremaine51@gmail.com;FlamboyantSick16
naomi.muller@gmail.com;ElegantBellows78
deshawn.wisozk@roob.com;TidyGasket15
cparisian@gmail.com;SlimAmmunition90
barney55@gmail.com;BarrenScientist76
psatterfield@gmail.com;WillingTrend24
ahmed70@ondricka.org;GrimBeef80
brando85@gmail.com;BitterWinter12
welch.leon@gmail.com;MediocreProhibition76
pwilkinson@gmail.com;MetallicBracelet29
wprohaska@hotmail.com;WigglyFavorite96
xmohr@fisher.com;TightWindscreen83
zhickle@hotmail.com;AntiqueCriminal90
valentine26@hermiston.com;BleakReduction71
americo95@kovacek.info;CalculatingStove95
mireya94@lang.com;MarriedSyndicate83
hbartell@cummings.biz;FumblingSpirit37
christop.jenkins@stroman.com;FancyAccountant9
javonte61@yahoo.com;ButteryPat60
skoss@hotmail.com;LightheartedAquifer8
uswaniawski@cartwright.com;MildCommon76
xlowe@kutch.com;BulkyFootrest97
trantow.ewell@yahoo.com;SuburbanSteak68
tyson24@stark.com;UnwelcomeBallpark57
petra.morar@gmail.com;RealTestimonial78
bernhard68@yahoo.com;Easy-GoingForgery41
ruthe09@gmail.com;UnwillingOar90
ola.hickle@stehr.com;HeftyChemotaxis54
talia.hermiston@gmail.com;DroopyCreative70
schultz.evalyn@reichel.com;TartPony40
weber.cindy@gmail.com;BuoyantPhosphate16
lubowitz.damaris@yahoo.com;PertinentCalculation79
rohan.kaya@yahoo.com;BelovedCougar35
wolf.david@yahoo.com;FlimsyWiretap30
kylee.batz@yahoo.com;SkinnyDolman71
jsmith@gmail.com;RipeModernity47
hansen.keshawn@rodriguez.com;AnnualTemper39
ffeest@yahoo.com;NoisyProfession68
stokes.gabriella@gmail.com;HarmfulYouth53
mhessel@hotmail.com;PlayfulResemblance36
cremin.keith@yahoo.com;WorthlessSpectacle43
abelardo.larkin@kreiger.com;MajorEpoxy35
jlockman@hermiston.info;RigidFillet61
nicolas.granville@yahoo.com;InternalFarming3
kabshire@leffler.biz;KindheartedNeighbourhood55
rosemarie20@hotmail.com;HalfMaterial54
hgerlach@yahoo.com;FatherlyIrrigation90
wjakubowski@gmail.com;UnimportantPowder34
cordelia.wisoky@runte.com;RaggedShampoo61
smith.hunter@hagenes.com;CluelessStepgrandmother70
karina.ullrich@gmail.com;BoldTeapot90
davin44@maggio.biz;LoathsomeWrecker17
orval33@gmail.com;StimulatingSenator49
hermann.dillon@hotmail.com;NoxiousOutside9
harvey.milo@gmail.com;StupidSilkworm24
huel.sean@gmail.com;DarkDulcimer35
jjast@yahoo.com;TriflingEyeliner21
lauren64@yahoo.com;ImmediateIntelligence26
igreenholt@okeefe.com;FarawayKneejerk77
ocie47@hotmail.com;MundaneLime80
wstrosin@yahoo.com;OptimisticJasmine7
cartwright.esperanza@hotmail.com;SlushyVoid65
drussel@nitzsche.org;TroubledCloth91
rasheed.krajcik@yahoo.com;UnacceptableFanlight90
annetta.durgan@yahoo.com;RepentantGutter45
rocio95@gmail.com;SturdySow51
janis.rutherford@batz.info;MellowSpace21
ybernier@quigley.com;DisloyalDesire79
jasmin.goyette@hotmail.com;ItchyPair96
eokuneva@bartell.com;UnselfishElevator23
scottie.cronin@ullrich.com;WoefulSermon54
gleason.claudine@yahoo.com;WorriedHeater26
torp.evert@yahoo.com;AngrySmog61
mryan@macejkovic.net;ForsakenSearch54
xstroman@schneider.org;TestyFoam27
walsh.karli@johnson.biz;DecisivePounding92
joseph05@gmail.com;WeightyBunkhouse43
dschulist@hettinger.org;AttentiveSorrel21
iratke@yahoo.com;ForthrightTenor85
bfisher@gmail.com;UnhappyWrong77
vlabadie@hotmail.com;UnsteadyPersonnel58
keshawn.gutmann@gmail.com;UnfitPapaya9
abraun@pfannerstill.com;UnlawfulSpiritual12
melany.yundt@zieme.com;CriticalGodmother10
swift.karl@gmail.com;DualSprinter22
giovanna01@yahoo.com;AwareMiscommunication11
wwalter@runolfsson.com;AcidicToy69
ima72@gmail.com;AttachedBail71
dave.schroeder@gmail.com;LimpFeeling2
hirthe.deja@ferry.com;EnlightenedFencing18
dorian45@gmail.com;HiddenComedy71
mann.lyric@goldner.com;SatisfiedBottling52
uhilpert@yahoo.com;RotatingDigit4
idell.leuschke@gmail.com;SleepyDictator95
laila.hirthe@balistreri.info;FrequentStock48
claudine73@hotmail.com;RubberyPotty62
cicero.reichert@williamson.com;CurlyProcessor62
oda90@dare.com;NegativeEngineer25
toconner@sauer.com;ExpensiveBlackberry56
schulist.ernesto@yahoo.com;PrestigiousMakeover89
lehner.ronaldo@hettinger.com;DescriptiveKilling59
batz.brooks@hotmail.com;WastefulPeace60
kenyatta.swift@little.com;FreshApe6
chanelle15@satterfield.info;ShimmeringTire44
jensen20@zulauf.com;CuddlyPorthole68
ismael60@skiles.biz;MotionlessEyelashes42
olson.carolyn@schmidt.com;StandardAction34
jordon92@renner.com;MarvelousSnail54
zortiz@gmail.com;BitterFleck27
rubye29@hartmann.com;FearlessSystem49
dubuque.providenci@weissnat.com;WarpedSwamp86
richmond.adams@gmail.com;GranularYear61
jdibbert@gmail.com;NeighboringTax50
qnicolas@morissette.com;ImpureLiterature38
antwan.emmerich@romaguera.org;OutstandingBog83
okuvalis@hotmail.com;IncomparableColumn73
monty.greenholt@fadel.com;IrritatingStatistics26
adolphus76@wolf.net;CleanFlow50
dgaylord@nienow.com;AlarmingOperating2
uhahn@gmail.com;ElectricPie11
celestino.dickinson@swaniawski.com;TemptingEarrings49
zella72@gmail.com;FruitfulWorkplace5
owen.harris@yahoo.com;EarlyPathway56
schneider.reanna@morissette.net;ExcitedAnesthesiologist14
kari.runte@yahoo.com;EverlastingSteward79
johns.vernice@howell.info;PettyTrench15
itrantow@larson.com;HealthyFedora44
kirlin.estelle@moen.com;UnkemptChairperson26
lowe.tristin@hotmail.com;ImpressiveTraditionalism14
carli10@gleason.com;TeemingSolitaire16
maxime95@hermiston.org;BlissfulWit69
ayden.strosin@veum.info;OvalPasture65
kyost@sipes.com;OccasionalNeighbor49
laney15@gmail.com;VividAftershave40
jstoltenberg@yahoo.com;DeepProsperity23
kaela95@gmail.com;FarCarving46
bins.alfonso@gmail.com;SerpentineInfo80
berenice.howell@blick.com;BabyishGlasses25
fidel.mcclure@gmail.com;VividPolyp78
xyost@hodkiewicz.com;HummingDevice3
znader@gmail.com;WastefulRelative67
william.purdy@hotmail.com;LovableDeposit59
robel.dayana@gmail.com;SweatyGuarantee70
trever.schimmel@yahoo.com;ThoroughRed63
blake.ziemann@hotmail.com;EagerEyelid95
ledner.westley@hotmail.com;ObeseHermit18
rschinner@gmail.com;BurdensomePigsty19
mitchel.flatley@larson.com;SparklingContour66
alfreda51@yahoo.com;JauntyExpectancy67
jacobs.dion@yahoo.com;SizzlingBillboard73
janelle05@schuster.net;DampAccess68
bartell.kurtis@hickle.com;ForcefulDecoration66
fernando.dooley@hotmail.com;UnfoldedHay28
glenda34@gmail.com;ImaginarySlip38
shields.theresia@daniel.net;NiceMachinery53
tyrel38@okon.com;WhirlwindSurfboard78
marilyne.white@hotmail.com;QuintessentialRepresentative14
asha.koelpin@yahoo.com;TimelyPelican42
reinger.freddie@yahoo.com;GiganticFlintlock4
sgusikowski@hotmail.com;ValidHubcap30
madonna17@hotmail.com;OpulentExample20
xherman@yahoo.com;QuirkyScent2
borer.pamela@yahoo.com;ItchyLottery49
zgoodwin@conn.com;AdmiredCongress20
charlie76@shanahan.net;TangibleCash52
lolita37@hotmail.com;CylindricalArchitecture61
quentin89@kulas.biz;AliveChasuble55
geo.reichert@hotmail.com;MountainousInk22
turcotte.velva@shanahan.com;VivaciousEfficiency87
lindsey72@bruen.com;BuoyantAdmire61
nolan.soledad@hotmail.com;GrimyPentagon94
schumm.karlee@waters.com;OverlookedNormalization47
jameson.feest@yahoo.com;SimplisticGnat44
